<appaction uniquename="arp__Rejected!9f81b149ada24958b0b59df792c85c61!arp_BookMyService!arp_servicerequest!0">
  <appmoduleid>
    <uniquename>arp_BookMyService</uniquename>
  </appmoduleid>
  <buttonlabeltext default="Rejected">
    <label description="Rejected" languagecode="1033" />
  </buttonlabeltext>
  <context>1</context>
  <contextentity>
    <logicalname>arp_servicerequest</logicalname>
  </contextentity>
  <contextvalue>arp_servicerequest</contextvalue>
  <fonticon>Cancel</fonticon>
  <hidden>0</hidden>
  <iscustomizable>1</iscustomizable>
  <isdisabled>0</isdisabled>
  <isgrouptitlehidden>0</isgrouptitlehidden>
  <location>0</location>
  <name>Rejected!9f81b149ada24958b0b59df792c85c61</name>
  <onclickeventformulacomponentlibraryid>
    <name>arp_bookmyservicedefaultcommandlibrary_cf8c7</name>
  </onclickeventformulacomponentlibraryid>
  <onclickeventformulacomponentname>0d5667323e9f4cad8a883d834e94fb16</onclickeventformulacomponentname>
  <onclickeventformulafunctionname>OnSelect</onclickeventformulafunctionname>
  <onclickeventtype>1</onclickeventtype>
  <origin>0</origin>
  <sequence>100100017.5000000000</sequence>
  <statecode>0</statecode>
  <statuscode>1</statuscode>
  <type>0</type>
  <visibilitytype>0</visibilitytype>
</appaction>