<environmentvariabledefinition schemaname="arp_CaseRecordURL">
  <defaultvalue>https://orga3abc5de.crm.dynamics.com/main.aspx?appid=7530ecfb-8891-ee11-be36-002248282d51&amp;pagetype=entityrecord&amp;etn=arp_case&amp;id</defaultvalue>
  <description default="to store Environment URl + App Id + Case Record URL">
    <label description="to store Environment URl + App Id + Case Record URL" languagecode="1033" />
  </description>
  <displayname default="Case Record URL">
    <label description="Case Record URL" languagecode="1033" />
  </displayname>
  <introducedversion>1.0.0.0</introducedversion>
  <iscustomizable>1</iscustomizable>
  <isrequired>0</isrequired>
  <secretstore>0</secretstore>
  <type>100000000</type>
</environmentvariabledefinition>