<environmentvariabledefinition schemaname="arp_FinanceTeamEmail">
  <defaultvalue>arpit@powercommunity.com;</defaultvalue>
  <description default="to send approvals for refund and return requests">
    <label description="to send approvals for refund and return requests" languagecode="1033" />
  </description>
  <displayname default="Finance Team Email">
    <label description="Finance Team Email" languagecode="1033" />
  </displayname>
  <introducedversion>1.0.0.0</introducedversion>
  <iscustomizable>1</iscustomizable>
  <isrequired>0</isrequired>
  <secretstore>0</secretstore>
  <type>100000000</type>
</environmentvariabledefinition>