<appaction uniquename="arp__Resolve!55537683cba843d8b2720d2dbaadaa30!arp_BookMyService!arp_servicerequest!0">
  <appmoduleid>
    <uniquename>arp_BookMyService</uniquename>
  </appmoduleid>
  <buttonlabeltext default="Resolve">
    <label description="Resolve" languagecode="1033" />
  </buttonlabeltext>
  <context>1</context>
  <contextentity>
    <logicalname>arp_servicerequest</logicalname>
  </contextentity>
  <contextvalue>arp_servicerequest</contextvalue>
  <fonticon>$clientsvg:Accept</fonticon>
  <hidden>0</hidden>
  <iscustomizable>1</iscustomizable>
  <isdisabled>0</isdisabled>
  <isgrouptitlehidden>0</isgrouptitlehidden>
  <location>0</location>
  <name>Resolve!55537683cba843d8b2720d2dbaadaa30</name>
  <onclickeventformulacomponentlibraryid>
    <name>arp_bookmyservicedefaultcommandlibrary_cf8c7</name>
  </onclickeventformulacomponentlibraryid>
  <onclickeventformulacomponentname>b7600ab9add942f69af9af2070673bf7</onclickeventformulacomponentname>
  <onclickeventformulafunctionname>OnSelect</onclickeventformulafunctionname>
  <onclickeventtype>1</onclickeventtype>
  <origin>0</origin>
  <sequence>100100015.0000000000</sequence>
  <statecode>0</statecode>
  <statuscode>1</statuscode>
  <type>0</type>
  <visibilitytype>0</visibilitytype>
</appaction>