<appaction uniquename="arp__Reopen!76d18d2adf28415084eeb4e2caea32e4!arp_BookMyService!arp_case!0">
  <appmoduleid>
    <uniquename>arp_BookMyService</uniquename>
  </appmoduleid>
  <buttonlabeltext default="Reopen">
    <label description="Reopen" languagecode="1033" />
  </buttonlabeltext>
  <context>1</context>
  <contextentity>
    <logicalname>arp_case</logicalname>
  </contextentity>
  <contextvalue>arp_case</contextvalue>
  <fonticon>$clientsvg:Edit</fonticon>
  <hidden>0</hidden>
  <iscustomizable>1</iscustomizable>
  <isdisabled>0</isdisabled>
  <isgrouptitlehidden>0</isgrouptitlehidden>
  <location>0</location>
  <name>Reopen!76d18d2adf28415084eeb4e2caea32e4</name>
  <onclickeventformulacomponentlibraryid>
    <name>arp_bookmyservicedefaultcommandlibrary_cf8c7</name>
  </onclickeventformulacomponentlibraryid>
  <onclickeventformulacomponentname>bf1bf09525fd40ee8a5fc6c78c3275ba</onclickeventformulacomponentname>
  <onclickeventformulafunctionname>OnSelect</onclickeventformulafunctionname>
  <onclickeventtype>1</onclickeventtype>
  <origin>0</origin>
  <sequence>100100015.6250000000</sequence>
  <statecode>0</statecode>
  <statuscode>1</statuscode>
  <type>0</type>
  <visibilityformulacomponentlibraryid>
    <name>arp_bookmyservicedefaultcommandlibrary_cf8c7</name>
  </visibilityformulacomponentlibraryid>
  <visibilityformulacomponentname>bf1bf09525fd40ee8a5fc6c78c3275ba</visibilityformulacomponentname>
  <visibilityformulafunctionname>Visible</visibilityformulafunctionname>
  <visibilitytype>1</visibilitytype>
</appaction>