{
  "properties": {
    "connectionReferences": {},
    "definition": {
      "$schema": "https://schema.management.azure.com/providers/Microsoft.Logic/schemas/2016-06-01/workflowdefinition.json#",
      "contentVersion": "1.0.0.0",
      "parameters": {
        "$authentication": {
          "defaultValue": {},
          "type": "SecureObject"
        }
      },
      "triggers": {
        "manual": {
          "metadata": {
            "operationMetadataId": "e105fff1-7f5e-48c9-8f72-2cd91be6e2b6"
          },
          "type": "Request",
          "kind": "Button",
          "inputs": {
            "schema": {
              "type": "object",
              "properties": {},
              "required": []
            }
          }
        }
      },
      "actions": {
        "number": {
          "runAfter": {},
          "metadata": {
            "operationMetadataId": "52ad56d0-6602-4701-af7f-f40cd762ad2b"
          },
          "type": "InitializeVariable",
          "inputs": {
            "variables": [
              {
                "name": "number",
                "type": "integer",
                "value": 8
              }
            ]
          }
        },
        "Compose": {
          "runAfter": {
            "number": [
              "Succeeded"
            ]
          },
          "metadata": {
            "operationMetadataId": "f55a0ba4-00e6-40bc-93e4-a718b91856a3"
          },
          "type": "Compose",
          "inputs": "@if(equals(if(equals(mod(variables('number'), 2), 0), 'Red', 'Orange'), 'Red'), 'Yellow', 'Green')"
        }
      }
    },
    "templateName": null
  },
  "schemaVersion": "1.0.0.0"
}