{
  "properties": {
    "connectionReferences": {
      "shared_approvals": {
        "runtimeSource": "embedded",
        "connection": {
          "connectionReferenceLogicalName": "arp_sharedapprovals_1ec8c"
        },
        "api": {
          "name": "shared_approvals"
        }
      },
      "shared_teams": {
        "runtimeSource": "embedded",
        "connection": {
          "connectionReferenceLogicalName": "arp_sharedteams_0914e"
        },
        "api": {
          "name": "shared_teams"
        }
      },
      "shared_commondataserviceforapps": {
        "runtimeSource": "embedded",
        "connection": {
          "connectionReferenceLogicalName": "arp_sharedcommondataserviceforapps_28070"
        },
        "api": {
          "name": "shared_commondataserviceforapps"
        }
      }
    },
    "definition": {
      "$schema": "https://schema.management.azure.com/providers/Microsoft.Logic/schemas/2016-06-01/workflowdefinition.json#",
      "contentVersion": "1.0.0.0",
      "parameters": {
        "$connections": {
          "defaultValue": {},
          "type": "Object"
        },
        "$authentication": {
          "defaultValue": {},
          "type": "SecureObject"
        },
        "Finance Team Email (arp_FinanceTeamEmail)": {
          "defaultValue": "arpit@powercommunity.com;",
          "type": "String",
          "metadata": {
            "schemaName": "arp_FinanceTeamEmail",
            "description": "to send approvals for refund and return requests"
          }
        },
        "Case Record URL (arp_CaseRecordURL)": {
          "defaultValue": "https://orga3abc5de.crm.dynamics.com/main.aspx?appid=7530ecfb-8891-ee11-be36-002248282d51&pagetype=entityrecord&etn=arp_case&id",
          "type": "String",
          "metadata": {
            "schemaName": "arp_CaseRecordURL",
            "description": "to store Environment URl + App Id + Case Record URL"
          }
        }
      },
      "triggers": {
        "manual": {
          "metadata": {
            "operationMetadataId": "18455b20-596c-4e44-88f6-acd92d41127b"
          },
          "type": "Request",
          "kind": "PowerAppV2",
          "inputs": {
            "schema": {
              "type": "object",
              "properties": {
                "text": {
                  "title": "CaseRecordId",
                  "type": "string",
                  "x-ms-dynamically-added": true,
                  "description": "Please enter your input",
                  "x-ms-content-hint": "TEXT"
                },
                "text_1": {
                  "title": "Message",
                  "type": "string",
                  "x-ms-dynamically-added": true,
                  "description": "Please enter your input",
                  "x-ms-content-hint": "TEXT"
                }
              },
              "required": [
                "text",
                "text_1"
              ]
            }
          }
        }
      },
      "actions": {
        "Create_an_approval": {
          "runAfter": {},
          "metadata": {
            "operationMetadataId": "3e0f2dc3-df17-4c65-9e2a-d3f189cfd7ce"
          },
          "type": "OpenApiConnection",
          "inputs": {
            "host": {
              "connectionName": "shared_approvals",
              "operationId": "CreateAnApproval",
              "apiId": "/providers/Microsoft.PowerApps/apis/shared_approvals"
            },
            "parameters": {
              "approvalType": "Basic",
              "ApprovalCreationInput/title": "Refund & Return Request",
              "ApprovalCreationInput/assignedTo": "@{parameters('Finance Team Email (arp_FinanceTeamEmail)')};",
              "ApprovalCreationInput/details": "@triggerBody()['text_1']",
              "ApprovalCreationInput/itemLink": "@{parameters('Case Record URL (arp_CaseRecordURL)')}=@{triggerBody()['text']}",
              "ApprovalCreationInput/itemLinkDescription": "Click here to View Case",
              "ApprovalCreationInput/enableNotifications": true,
              "ApprovalCreationInput/enableReassignment": true
            },
            "authentication": "@parameters('$authentication')"
          }
        },
        "Post_message_in_a_chat_or_channel": {
          "runAfter": {
            "Create_an_approval": [
              "Succeeded"
            ]
          },
          "metadata": {
            "operationMetadataId": "ca3299c1-a1c1-49ed-84f3-a6e90f86b376"
          },
          "type": "OpenApiConnection",
          "inputs": {
            "host": {
              "connectionName": "shared_teams",
              "operationId": "PostMessageToConversation",
              "apiId": "/providers/Microsoft.PowerApps/apis/shared_teams"
            },
            "parameters": {
              "poster": "Flow bot",
              "location": "Channel",
              "body/recipient/groupId": "8cd541cf-d728-47b2-92d2-538be5cf335b",
              "body/recipient/channelId": "19:hew-0Hza5ma4aa-rbzDZC-Ot5S7XtyZS0tzci5TthNk1@thread.tacv2",
              "body/messageBody": "<p>@{outputs('Create_an_approval')?['body/adaptiveCard']}</p>"
            },
            "authentication": "@parameters('$authentication')"
          }
        },
        "Initialize_variable": {
          "runAfter": {
            "Post_message_in_a_chat_or_channel": [
              "Succeeded"
            ]
          },
          "metadata": {
            "operationMetadataId": "f8b8a90d-4568-4206-aaf3-855d69e4ee75"
          },
          "type": "InitializeVariable",
          "inputs": {
            "variables": [
              {
                "name": "MsgId",
                "type": "string",
                "value": "@outputs('Post_message_in_a_chat_or_channel')?['body/id']"
              }
            ]
          }
        },
        "Wait_for_an_approval": {
          "runAfter": {
            "Initialize_variable": [
              "Succeeded"
            ]
          },
          "metadata": {
            "operationMetadataId": "69a051ef-c1d6-4990-8b46-27182867bd6c"
          },
          "type": "OpenApiConnectionWebhook",
          "inputs": {
            "host": {
              "connectionName": "shared_approvals",
              "operationId": "WaitForAnApproval",
              "apiId": "/providers/Microsoft.PowerApps/apis/shared_approvals"
            },
            "parameters": {
              "approvalName": "@outputs('Create_an_approval')?['body/name']"
            },
            "authentication": "@parameters('$authentication')"
          }
        },
        "Initialize_variable_2": {
          "runAfter": {
            "Apply_to_each_2": [
              "Succeeded"
            ]
          },
          "metadata": {
            "operationMetadataId": "0c31492f-ad7c-4a26-aece-ebf261bbbf28"
          },
          "type": "InitializeVariable",
          "inputs": {
            "variables": [
              {
                "name": "comments",
                "type": "string"
              }
            ]
          }
        },
        "Apply_to_each_2": {
          "foreach": "@outputs('Wait_for_an_approval')?['body/responses']",
          "actions": {},
          "runAfter": {
            "Wait_for_an_approval": [
              "Succeeded"
            ]
          },
          "metadata": {
            "operationMetadataId": "d091b699-e6e8-49b4-be41-21ba5a96c6f2"
          },
          "type": "Foreach"
        },
        "Initialize_variable_3": {
          "runAfter": {
            "Initialize_variable_2": [
              "Succeeded"
            ]
          },
          "metadata": {
            "operationMetadataId": "0accd16d-c17e-4260-88d8-a03066f070dc"
          },
          "type": "InitializeVariable",
          "inputs": {
            "variables": [
              {
                "name": "outcome",
                "type": "string"
              }
            ]
          }
        },
        "Condition": {
          "actions": {
            "Apply_to_each_3": {
              "foreach": "@outputs('Wait_for_an_approval')?['body/responses']",
              "actions": {
                "Update_Case_Status_to_Approved_with_Resolution_Comments": {
                  "runAfter": {},
                  "metadata": {
                    "operationMetadataId": "c69d407c-a0a1-401f-93d5-fdbc8a008dde"
                  },
                  "type": "OpenApiConnection",
                  "inputs": {
                    "host": {
                      "connectionName": "shared_commondataserviceforapps",
                      "operationId": "UpdateRecord",
                      "apiId": "/providers/Microsoft.PowerApps/apis/shared_commondataserviceforapps"
                    },
                    "parameters": {
                      "entityName": "arp_cases",
                      "recordId": "@triggerBody()['text']",
                      "item/arp_casestatus": 750870004,
                      "item/arp_paymentprocessed": true,
                      "item/arp_resolutioncomments": "@items('Apply_to_each_3')?['comments']"
                    },
                    "authentication": "@parameters('$authentication')"
                  }
                }
              },
              "runAfter": {},
              "metadata": {
                "operationMetadataId": "a3674cad-eaa6-4bc7-81ab-151016eaf4c3"
              },
              "type": "Foreach"
            }
          },
          "runAfter": {
            "Initialize_variable_3": [
              "Succeeded"
            ]
          },
          "else": {
            "actions": {
              "Apply_to_each_4": {
                "foreach": "@outputs('Wait_for_an_approval')?['body/responses']",
                "actions": {
                  "Update_Case_Status_to_Rejected_with_Rejection_Comments": {
                    "runAfter": {},
                    "metadata": {
                      "operationMetadataId": "d45e4fc4-c71a-442f-b34f-e78015087590"
                    },
                    "type": "OpenApiConnection",
                    "inputs": {
                      "host": {
                        "connectionName": "shared_commondataserviceforapps",
                        "operationId": "UpdateRecord",
                        "apiId": "/providers/Microsoft.PowerApps/apis/shared_commondataserviceforapps"
                      },
                      "parameters": {
                        "entityName": "arp_cases",
                        "recordId": "@triggerBody()['text']",
                        "item/arp_casestatus": 750870003,
                        "item/arp_paymentprocessed": false,
                        "item/arp_rejectionreason": "@items('Apply_to_each_4')?['comments']"
                      },
                      "authentication": "@parameters('$authentication')"
                    }
                  }
                },
                "runAfter": {},
                "metadata": {
                  "operationMetadataId": "db38fd8b-efb0-4bc5-a78a-af14a51b706f"
                },
                "type": "Foreach"
              }
            }
          },
          "expression": {
            "equals": [
              "@outputs('Wait_for_an_approval')?['body/outcome']",
              "Approve"
            ]
          },
          "metadata": {
            "operationMetadataId": "13f747d3-d143-487f-a923-f53081a9ba13"
          },
          "type": "If"
        }
      }
    },
    "templateName": ""
  },
  "schemaVersion": "1.0.0.0"
}