<appaction uniquename="arp__Canceled!aa6ec27432a4469b85dbcd1d480edb0c!arp_BookMyService!arp_case!0">
  <appmoduleid>
    <uniquename>arp_BookMyService</uniquename>
  </appmoduleid>
  <buttonlabeltext default="Canceled">
    <label description="Canceled" languagecode="1033" />
  </buttonlabeltext>
  <context>1</context>
  <contextentity>
    <logicalname>arp_case</logicalname>
  </contextentity>
  <contextvalue>arp_case</contextvalue>
  <fonticon>Cancel</fonticon>
  <hidden>0</hidden>
  <iscustomizable>1</iscustomizable>
  <isdisabled>0</isdisabled>
  <isgrouptitlehidden>0</isgrouptitlehidden>
  <location>0</location>
  <name>Canceled!aa6ec27432a4469b85dbcd1d480edb0c</name>
  <onclickeventformulacomponentlibraryid>
    <name>arp_bookmyservicedefaultcommandlibrary_cf8c7</name>
  </onclickeventformulacomponentlibraryid>
  <onclickeventformulacomponentname>860a86fce87845039033e98a1e1be23c</onclickeventformulacomponentname>
  <onclickeventformulafunctionname>OnSelect</onclickeventformulafunctionname>
  <onclickeventtype>1</onclickeventtype>
  <origin>0</origin>
  <sequence>100100017.5000000000</sequence>
  <statecode>0</statecode>
  <statuscode>1</statuscode>
  <type>0</type>
  <visibilityformulacomponentlibraryid>
    <name>arp_bookmyservicedefaultcommandlibrary_cf8c7</name>
  </visibilityformulacomponentlibraryid>
  <visibilityformulacomponentname>860a86fce87845039033e98a1e1be23c</visibilityformulacomponentname>
  <visibilityformulafunctionname>Visible</visibilityformulafunctionname>
  <visibilitytype>1</visibilitytype>
</appaction>