<appaction uniquename="arp__SwitchProcess!77162dcf6b5248ab8ee1696d8dd0f3bd!arp_BookMyService!arp_case!0">
  <appmoduleid>
    <uniquename>arp_BookMyService</uniquename>
  </appmoduleid>
  <buttonlabeltext default="Switch Process">
    <label description="Switch Process" languagecode="1033" />
  </buttonlabeltext>
  <context>1</context>
  <contextentity>
    <logicalname>arp_case</logicalname>
  </contextentity>
  <contextvalue>arp_case</contextvalue>
  <fonticon>SwitchProcess</fonticon>
  <hidden>0</hidden>
  <iscustomizable>1</iscustomizable>
  <isdisabled>0</isdisabled>
  <isgrouptitlehidden>0</isgrouptitlehidden>
  <location>0</location>
  <name>SwitchProcess!77162dcf6b5248ab8ee1696d8dd0f3bd</name>
  <onclickeventtype>0</onclickeventtype>
  <origin>0</origin>
  <sequence>100100019.3750000000</sequence>
  <statecode>0</statecode>
  <statuscode>1</statuscode>
  <type>1</type>
  <visibilitytype>0</visibilitytype>
</appaction>