<appaction uniquename="arp__Resume!d33ccd16fba44c3b8b0ca03c31a2baf3!arp_BookMyService!arp_servicerequest!0">
  <appmoduleid>
    <uniquename>arp_BookMyService</uniquename>
  </appmoduleid>
  <buttonlabeltext default="Resume">
    <label description="Resume" languagecode="1033" />
  </buttonlabeltext>
  <context>1</context>
  <contextentity>
    <logicalname>arp_servicerequest</logicalname>
  </contextentity>
  <contextvalue>arp_servicerequest</contextvalue>
  <fonticon>$clientsvg:Edit</fonticon>
  <hidden>0</hidden>
  <iscustomizable>1</iscustomizable>
  <isdisabled>0</isdisabled>
  <isgrouptitlehidden>0</isgrouptitlehidden>
  <location>0</location>
  <name>Resume!d33ccd16fba44c3b8b0ca03c31a2baf3</name>
  <onclickeventformulacomponentlibraryid>
    <name>arp_bookmyservicedefaultcommandlibrary_cf8c7</name>
  </onclickeventformulacomponentlibraryid>
  <onclickeventformulacomponentname>923a4c2e0b274fc2a35be935dc3b4a7e</onclickeventformulacomponentname>
  <onclickeventformulafunctionname>OnSelect</onclickeventformulafunctionname>
  <onclickeventtype>1</onclickeventtype>
  <origin>0</origin>
  <sequence>100100019.3750000000</sequence>
  <statecode>0</statecode>
  <statuscode>1</statuscode>
  <type>0</type>
  <visibilitytype>0</visibilitytype>
</appaction>