<ImportExportXml version="9.2.24102.194" SolutionPackageVersion="9.2" languagecode="1033" generatedBy="CrmLive" xmlns:xsi="http://www.w3.org/2001/XMLSchema-instance" OrganizationVersion="9.2.24102.194" OrganizationSchemaType="Standard" CRMServerServiceabilityVersion="9.2.24103.00228">
  <SolutionManifest>
    <UniqueName>PowerAppsBookLiveProject</UniqueName>
    <LocalizedNames>
      <LocalizedName description="PowerAppsBookLiveProject" languagecode="1033" />
    </LocalizedNames>
    <Descriptions />
    <Version>1.0.0.0</Version>
    <Managed>1</Managed>
    <ConfigurationPage>arp_welcomepage</ConfigurationPage>
    <Publisher>
      <UniqueName>arpitpowerguide</UniqueName>
      <LocalizedNames>
        <LocalizedName description="Arpit Power Guide" languagecode="1033" />
      </LocalizedNames>
      <Descriptions />
      <EMailAddress xsi:nil="true"></EMailAddress>
      <SupportingWebsiteUrl xsi:nil="true"></SupportingWebsiteUrl>
      <CustomizationPrefix>arp</CustomizationPrefix>
      <CustomizationOptionValuePrefix>75087</CustomizationOptionValuePrefix>
      <Addresses>
        <Address>
          <AddressNumber>1</AddressNumber>
          <AddressTypeCode>1</AddressTypeCode>
          <City xsi:nil="true"></City>
          <County xsi:nil="true"></County>
          <Country xsi:nil="true"></Country>
          <Fax xsi:nil="true"></Fax>
          <FreightTermsCode xsi:nil="true"></FreightTermsCode>
          <ImportSequenceNumber xsi:nil="true"></ImportSequenceNumber>
          <Latitude xsi:nil="true"></Latitude>
          <Line1 xsi:nil="true"></Line1>
          <Line2 xsi:nil="true"></Line2>
          <Line3 xsi:nil="true"></Line3>
          <Longitude xsi:nil="true"></Longitude>
          <Name xsi:nil="true"></Name>
          <PostalCode xsi:nil="true"></PostalCode>
          <PostOfficeBox xsi:nil="true"></PostOfficeBox>
          <PrimaryContactName xsi:nil="true"></PrimaryContactName>
          <ShippingMethodCode>1</ShippingMethodCode>
          <StateOrProvince xsi:nil="true"></StateOrProvince>
          <Telephone1 xsi:nil="true"></Telephone1>
          <Telephone2 xsi:nil="true"></Telephone2>
          <Telephone3 xsi:nil="true"></Telephone3>
          <TimeZoneRuleVersionNumber xsi:nil="true"></TimeZoneRuleVersionNumber>
          <UPSZone xsi:nil="true"></UPSZone>
          <UTCOffset xsi:nil="true"></UTCOffset>
          <UTCConversionTimeZoneCode xsi:nil="true"></UTCConversionTimeZoneCode>
        </Address>
        <Address>
          <AddressNumber>2</AddressNumber>
          <AddressTypeCode>1</AddressTypeCode>
          <City xsi:nil="true"></City>
          <County xsi:nil="true"></County>
          <Country xsi:nil="true"></Country>
          <Fax xsi:nil="true"></Fax>
          <FreightTermsCode xsi:nil="true"></FreightTermsCode>
          <ImportSequenceNumber xsi:nil="true"></ImportSequenceNumber>
          <Latitude xsi:nil="true"></Latitude>
          <Line1 xsi:nil="true"></Line1>
          <Line2 xsi:nil="true"></Line2>
          <Line3 xsi:nil="true"></Line3>
          <Longitude xsi:nil="true"></Longitude>
          <Name xsi:nil="true"></Name>
          <PostalCode xsi:nil="true"></PostalCode>
          <PostOfficeBox xsi:nil="true"></PostOfficeBox>
          <PrimaryContactName xsi:nil="true"></PrimaryContactName>
          <ShippingMethodCode>1</ShippingMethodCode>
          <StateOrProvince xsi:nil="true"></StateOrProvince>
          <Telephone1 xsi:nil="true"></Telephone1>
          <Telephone2 xsi:nil="true"></Telephone2>
          <Telephone3 xsi:nil="true"></Telephone3>
          <TimeZoneRuleVersionNumber xsi:nil="true"></TimeZoneRuleVersionNumber>
          <UPSZone xsi:nil="true"></UPSZone>
          <UTCOffset xsi:nil="true"></UTCOffset>
          <UTCConversionTimeZoneCode xsi:nil="true"></UTCConversionTimeZoneCode>
        </Address>
      </Addresses>
    </Publisher>
    <RootComponents>
      <RootComponent type="1" schemaName="account" behavior="0" />
      <RootComponent type="1" schemaName="appointment" behavior="0" />
      <RootComponent type="1" schemaName="arp_case" behavior="0" />
      <RootComponent type="1" schemaName="arp_caseservicerequestprocess" behavior="0" />
      <RootComponent type="1" schemaName="arp_returnandrefundprocess" behavior="0" />
      <RootComponent type="1" schemaName="arp_returnrefundprocess" behavior="0" />
      <RootComponent type="1" schemaName="arp_servicerequest" behavior="0" />
      <RootComponent type="1" schemaName="arp_servicerequestprocess" behavior="0" />
      <RootComponent type="1" schemaName="contact" behavior="1" />
      <RootComponent type="1" schemaName="email" behavior="0" />
      <RootComponent type="1" schemaName="phonecall" behavior="0" />
      <RootComponent type="1" schemaName="queue" behavior="0" />
      <RootComponent type="1" schemaName="task" behavior="0" />
      <RootComponent type="9" schemaName="arp_casepriority" behavior="0" />
      <RootComponent type="9" schemaName="arp_casesource" behavior="0" />
      <RootComponent type="9" schemaName="arp_customertype" behavior="0" />
      <RootComponent type="9" schemaName="arp_requeststatus" behavior="0" />
      <RootComponent type="9" schemaName="arp_requesttype" behavior="0" />
      <RootComponent type="20" id="{122cc955-c9a6-ee11-be36-000d3a1cfe3d}" behavior="0" />
      <RootComponent type="20" id="{7d99f01c-3694-ee11-be36-000d3a1cfe3d}" behavior="0" />
      <RootComponent type="20" id="{8ec62545-3694-ee11-be36-000d3a1cfe3d}" behavior="0" />
      <RootComponent type="20" id="{9e65bd29-3694-ee11-be36-000d3a1cfe3d}" behavior="0" />
      <RootComponent type="20" id="{be3581dd-3594-ee11-be36-000d3a1cfe3d}" behavior="0" />
      <RootComponent type="20" id="{ca99059d-3694-ee11-be36-000d3a1cfe3d}" behavior="0" />
      <RootComponent type="29" id="{0a747b29-1393-ee11-be36-002248282d51}" behavior="0" />
      <RootComponent type="29" id="{0f750e6e-2f93-ee11-be36-000d3a1cfe3d}" behavior="0" />
      <RootComponent type="29" id="{32b9cd43-1593-ee11-be36-002248282d51}" behavior="0" />
      <RootComponent type="29" id="{74c539f3-03ae-ee11-a568-000d3a1cfe3d}" behavior="0" />
      <RootComponent type="29" id="{9da13d72-2b93-ee11-be36-000d3a1cfe3d}" behavior="0" />
      <RootComponent type="29" id="{bab53219-6196-ee11-be36-000d3a1cfe3d}" behavior="0" />
      <RootComponent type="29" id="{e879ca33-cdd7-ee11-9079-000d3a1cfe3d}" behavior="0" />
      <RootComponent type="29" id="{eebf17a7-1193-ee11-be36-002248282d51}" behavior="0" />
      <RootComponent type="29" id="{f656e5ac-3093-ee11-be36-000d3a1cfe3d}" behavior="0" />
      <RootComponent type="60" id="{d8232688-3593-ee11-be36-000d3a1cfe3d}" behavior="0" />
      <RootComponent type="61" schemaName="arp_callcentericon" behavior="0" />
      <RootComponent type="61" schemaName="arp_servicerequestscript" behavior="0" />
      <RootComponent type="61" schemaName="arp_welcomepage" behavior="0" />
      <RootComponent type="62" schemaName="arp_BookMyService" behavior="0" />
      <RootComponent type="80" schemaName="arp_BookMyService" behavior="0" />
      <RootComponent type="91" id="{889f4eea-ab35-481b-ba76-bb6dbcb9d162}" schemaName="PowerAppsBook.Case.CheckRefundRequest, Version=1.0.0.0, Culture=neutral, PublicKeyToken=93c0ecfe4a249dfd" behavior="0" />
      <RootComponent type="92" id="{0fdc805c-8b92-ee11-be36-002248282d51}" behavior="0" />
      <RootComponent type="300" schemaName="arp_bookmyservicedefaultcommandlibrary_cf8c7" behavior="0" />
      <RootComponent type="300" schemaName="arp_financeapprovalpage_22b78" behavior="0" />
      <RootComponent type="300" schemaName="arp_welcomepage_b6c56" behavior="0" />
      <RootComponent type="300" schemaName="crc5c_serviceathome_3bf36" behavior="0" />
    </RootComponents>
    <MissingDependencies>
      <MissingDependency>
        <Required type="1" schemaName="adx_invitation" displayName="Invitation" solution="PowerPages_RuntimeCore (1.0.2407.1)">
          <package>PowerPages_Core (1.0.2409.121)</package>
        </Required>
        <Dependent type="1" schemaName="account" displayName="Account" />
      </MissingDependency>
      <MissingDependency>
        <Required type="1" schemaName="msdyn_aimodel" displayName="AI Model" solution="msdyn_AISolution (202410.1.1.1)">
          <package>msdyn_AISolutionAnchor (202410.1.1.1)</package>
        </Required>
        <Dependent type="300" schemaName="crc5c_serviceathome_3bf36" displayName="Service At Home" />
      </MissingDependency>
      <MissingDependency>
        <Required type="2" schemaName="acceptingentityid" displayName="Accepting Entity" parentSchemaName="email" parentDisplayName="Email" solution="msft_ActivitiesInfra_Extensions (9.2.0.61)">
          <package>msdynce_EnableUCIByDefault (9.0.1.1996)</package>
          <package>msft_ActivitiesInfra_Anchor (1.0.0.0)</package>
        </Required>
        <Dependent type="2" schemaName="acceptingentityid" displayName="Accepting Entity" parentSchemaName="email" parentDisplayName="Email" />
      </MissingDependency>
      <MissingDependency>
        <Required type="60" displayName="Contact" parentDisplayName="Contact" solution="msdynce_AppCommon (9.0.4.0066)" id="{1fed44d1-ae68-4a41-bd2b-f13acac4acfa}">
          <package>msdynce_AppCommonAnchor (9.0.24095.10001)</package>
        </Required>
        <Dependent type="60" displayName="Contact" parentDisplayName="Contact" id="{1fed44d1-ae68-4a41-bd2b-f13acac4acfa}" />
      </MissingDependency>
      <MissingDependency>
        <Required type="60" displayName="account contact card" parentDisplayName="Contact" solution="msdynce_AppCommon (9.0.4.0066)" id="{29de27bc-a257-4f29-99cf-bab4a84e688f}">
          <package>msdynce_AppCommonAnchor (9.0.24095.10001)</package>
        </Required>
        <Dependent type="80" schemaName="arp_BookMyService" displayName="Book My Service" />
      </MissingDependency>
      <MissingDependency>
        <Required type="60" displayName="Live Persona Card Form" parentDisplayName="Contact" solution="msdynce_AppCommonPatch201904 (9.0.24095.10001)" id="{449faa0e-f471-48ec-87d0-4719909546d2}">
          <package>msdynce_AppCommonAnchor (9.0.24095.10001)</package>
        </Required>
        <Dependent type="80" schemaName="arp_BookMyService" displayName="Book My Service" />
      </MissingDependency>
      <MissingDependency>
        <Required type="60" displayName="Contact Quick Create" parentDisplayName="Contact" solution="msdynce_AppCommon (9.0.4.0066)" id="{661157fe-2fc9-4eaa-835f-5bfa2f7b64f7}">
          <package>msdynce_AppCommonAnchor (9.0.24095.10001)</package>
        </Required>
        <Dependent type="80" schemaName="arp_BookMyService" displayName="Book My Service" />
      </MissingDependency>
      <MissingDependency>
        <Required type="60" displayName="contact card" parentDisplayName="Contact" solution="msdynce_AppCommon (9.0.4.0066)" id="{707fc57b-c5e6-471b-a180-e37ed28a38e2}">
          <package>msdynce_AppCommonAnchor (9.0.24095.10001)</package>
        </Required>
        <Dependent type="80" schemaName="arp_BookMyService" displayName="Book My Service" />
      </MissingDependency>
      <MissingDependency>
        <Required type="60" displayName="Social Profiles" parentDisplayName="Contact" solution="msdynce_AppCommon (9.0.4.0066)" id="{7bb87dfd-ec3e-4ed9-8e3e-5725d3067295}">
          <package>msdynce_AppCommonAnchor (9.0.24095.10001)</package>
        </Required>
        <Dependent type="80" schemaName="arp_BookMyService" displayName="Book My Service" />
      </MissingDependency>
      <MissingDependency>
        <Required type="60" displayName="Contact Quick Form" parentDisplayName="Contact" solution="msdynce_AppCommon (9.0.4.0066)" id="{bdb0ae1c-32fa-4374-b637-8dafe107bc44}">
          <package>msdynce_AppCommonAnchor (9.0.24095.10001)</package>
        </Required>
        <Dependent type="60" displayName="Information" parentDisplayName="Service Request" id="{42a98f14-b76a-4924-b0b9-f559dd41ef01}" />
      </MissingDependency>
      <MissingDependency>
        <Required type="60" displayName="Contact Quick Form" parentDisplayName="Contact" solution="msdynce_AppCommon (9.0.4.0066)" id="{bdb0ae1c-32fa-4374-b637-8dafe107bc44}">
          <package>msdynce_AppCommonAnchor (9.0.24095.10001)</package>
        </Required>
        <Dependent type="60" displayName="Information" parentDisplayName="Case" id="{8eff3fc4-c7f2-4111-81b6-40d3bee8f990}" />
      </MissingDependency>
      <MissingDependency>
        <Required type="60" displayName="Contact Quick Form" parentDisplayName="Contact" solution="msdynce_AppCommon (9.0.4.0066)" id="{bdb0ae1c-32fa-4374-b637-8dafe107bc44}">
          <package>msdynce_AppCommonAnchor (9.0.24095.10001)</package>
        </Required>
        <Dependent type="80" schemaName="arp_BookMyService" displayName="Book My Service" />
      </MissingDependency>
      <MissingDependency>
        <Required type="60" displayName="Contact Reference Panel" parentDisplayName="Contact" solution="msdynce_AppCommon (9.0.4.0066)" id="{d880c3cf-80e2-42f3-82f9-24d040d09f17}">
          <package>msdynce_AppCommonAnchor (9.0.24095.10001)</package>
        </Required>
        <Dependent type="80" schemaName="arp_BookMyService" displayName="Book My Service" />
      </MissingDependency>
      <MissingDependency>
        <Required type="60" displayName="Recent Cases and Entitlements" parentDisplayName="Contact" solution="msdynce_AppCommon (9.0.4.0066)" id="{f3b707fb-3b5f-45f9-9c6b-5e573bb5d19e}">
          <package>msdynce_AppCommonAnchor (9.0.24095.10001)</package>
        </Required>
        <Dependent type="80" schemaName="arp_BookMyService" displayName="Book My Service" />
      </MissingDependency>
      <MissingDependency>
        <Required type="61" schemaName="cat_applist_icon" displayName="cat_applist_icon" solution="msdyn_DataverseAcceleratorApp (1.0.2.123)" />
        <Dependent type="62" schemaName="arp_BookMyService" />
      </MissingDependency>
      <MissingDependency>
        <Required type="61" schemaName="msdyn_/Images/AppModule_Default_Icon.png" displayName="msdyn_/Images/AppModule_Default_Icon.png" solution="AppModuleWebResources (2.5)" />
        <Dependent type="80" schemaName="arp_BookMyService" displayName="Book My Service" />
      </MissingDependency>
      <MissingDependency>
        <Required type="66" schemaName="Microsoft.PowerApps.PowerAppsOneGrid" displayName="Microsoft.PowerApps.PowerAppsOneGrid" solution="BaseCustomControlsCore (9.0.2410.2013)">
          <package>BaseCustomControlsCore (9.0.2410.2013)</package>
        </Required>
        <Dependent type="26" schemaName="Active Contacts" displayName="Active Contacts" parentSchemaName="contact" parentDisplayName="Contact" id="{00000000-0000-0000-00aa-000010001004}" />
      </MissingDependency>
      <MissingDependency>
        <Required type="66" schemaName="Microsoft.PowerApps.PowerAppsOneGrid" displayName="Microsoft.PowerApps.PowerAppsOneGrid" solution="BaseCustomControlsCore (9.0.2410.2013)">
          <package>BaseCustomControlsCore (9.0.2410.2013)</package>
        </Required>
        <Dependent type="26" schemaName="Active Cases" displayName="Active Cases" parentSchemaName="arp_case" parentDisplayName="Case" id="{11ede493-b00e-4fd4-89e7-592baaa46cc3}" />
      </MissingDependency>
      <MissingDependency>
        <Required type="66" schemaName="Microsoft.PowerApps.PowerAppsOneGrid" displayName="Microsoft.PowerApps.PowerAppsOneGrid" solution="BaseCustomControlsCore (9.0.2410.2013)">
          <package>BaseCustomControlsCore (9.0.2410.2013)</package>
        </Required>
        <Dependent type="26" schemaName="My Open Cases" displayName="My Open Cases" parentSchemaName="arp_case" parentDisplayName="Case" id="{1381cfa4-3593-ee11-be36-000d3a1cfe3d}" />
      </MissingDependency>
      <MissingDependency>
        <Required type="66" schemaName="MscrmControls.CardFeedContainer.CardFeedContainer" displayName="MscrmControls.CardFeedContainer.CardFeedContainer" solution="BaseCustomControlsCore (9.0.2410.2013)">
          <package>BaseCustomControlsCore (9.0.2410.2013)</package>
        </Required>
        <Dependent type="60" displayName="Contact" parentDisplayName="Contact" id="{1fed44d1-ae68-4a41-bd2b-f13acac4acfa}" />
      </MissingDependency>
      <MissingDependency>
        <Required type="66" schemaName="MscrmControls.OptionSet.OptionSetControl" displayName="MscrmControls.OptionSet.OptionSetControl" solution="CustomControlsCore (9.2.24102.00194)">
          <package>CustomControlsCore (9.2.24102.00194)</package>
        </Required>
        <Dependent type="60" displayName="Contact" parentDisplayName="Contact" id="{1fed44d1-ae68-4a41-bd2b-f13acac4acfa}" />
      </MissingDependency>
      <MissingDependency>
        <Required type="66" schemaName="MscrmControls.OptionSet.OptionSetControl" displayName="MscrmControls.OptionSet.OptionSetControl" solution="CustomControlsCore (9.2.24102.00194)">
          <package>CustomControlsCore (9.2.24102.00194)</package>
        </Required>
        <Dependent type="60" displayName="Information - WEB" parentDisplayName="Case" id="{bef4fc7e-3193-ee11-be36-000d3a1cfe3d}" />
      </MissingDependency>
      <MissingDependency>
        <Required type="66" schemaName="MscrmControls.OptionSet.OptionSetControl" displayName="MscrmControls.OptionSet.OptionSetControl" solution="CustomControlsCore (9.2.24102.00194)">
          <package>CustomControlsCore (9.2.24102.00194)</package>
        </Required>
        <Dependent type="60" displayName="Information - WEB" parentDisplayName="Service Request" id="{ee752d07-2391-ee11-be36-002248282d51}" />
      </MissingDependency>
      <MissingDependency>
        <Required type="90" schemaName="Microsoft.PowerFx.Evaluator, Microsoft.PowerFx.PlexPlugins, Version=1.0.0.0, Culture=neutral, PublicKeyToken=31bf3856ad364e35" displayName="Microsoft.PowerFx.Evaluator" solution="msft_PowerfxRuleSolution (1.0.0.65)" id="{462b3e8f-beb4-4981-9b87-a60c2162a9f7}">
          <package>PowerfxRuleApp_Anchor (1.0.0.0)</package>
        </Required>
        <Dependent type="92" id="{0fdc805c-8b92-ee11-be36-002248282d51}" />
      </MissingDependency>
    </MissingDependencies>
  </SolutionManifest>
</ImportExportXml>