<appaction uniquename="arp__ReturnRefund!3afa5209875d4dc289652162c139365e!arp_BookMyService!arp_case!0">
  <appmoduleid>
    <uniquename>arp_BookMyService</uniquename>
  </appmoduleid>
  <buttonlabeltext default="Return &amp; Refund">
    <label description="Return &amp; Refund" languagecode="1033" />
  </buttonlabeltext>
  <context>1</context>
  <contextentity>
    <logicalname>arp_case</logicalname>
  </contextentity>
  <contextvalue>arp_case</contextvalue>
  <fonticon>RetireProduct</fonticon>
  <hidden>0</hidden>
  <iscustomizable>1</iscustomizable>
  <isdisabled>0</isdisabled>
  <isgrouptitlehidden>0</isgrouptitlehidden>
  <location>0</location>
  <name>ReturnRefund!3afa5209875d4dc289652162c139365e</name>
  <onclickeventjavascriptfunctionname>switchBPF</onclickeventjavascriptfunctionname>
  <onclickeventjavascriptparameters>[{"type":5},{"type":21,"value":"Return &amp; Refund"}]</onclickeventjavascriptparameters>
  <onclickeventjavascriptwebresourceid>
    <webresourceid>8d2ba220-1893-ee11-be36-002248282d51</webresourceid>
  </onclickeventjavascriptwebresourceid>
  <onclickeventtype>2</onclickeventtype>
  <origin>0</origin>
  <parentappactionid>
    <uniquename>arp__NewGroup!5788268275bf431a92c3b53133a33635!arp_BookMyService!arp_case!0</uniquename>
  </parentappactionid>
  <sequence>20000.0000000000</sequence>
  <statecode>0</statecode>
  <statuscode>1</statuscode>
  <type>0</type>
  <visibilitytype>0</visibilitytype>
</appaction>